{
    "ig": 0.4471777754491803,
    "attention": 0.3960711721655541,
    "gradients": 0.5143910157539071,
    "random": 0.5103367451561823,
    "scaled attention": 0.4112945882287433
}