{
    "ig": 0.444494962525444,
    "attention": 0.391092277119083,
    "gradients": 0.5237701363430813,
    "random": 0.5058929389309214,
    "scaled attention": 0.410795338919308
}