{
    "attention": 0.47670979129580004,
    "random": 0.5729034621224969,
    "scaled attention": 0.5837519411101907,
    "gradients": 0.5657144985485579,
    "ig": 0.5312991279237267
}