{
    "attention": 0.5059444402982929,
    "random": 0.5891846716453771,
    "scaled attention": 0.6102640669565774,
    "gradients": 0.5855897845691609,
    "ig": 0.556985517476621
}