{
    "gradients": 0.39072984399015054,
    "random": 0.3581343481932266,
    "scaled attention": 0.19248917108774463,
    "ig": 0.33567993237052823,
    "attention": 0.2170090348397494
}