{
    "random": 0.4336362135424075,
    "scaled attention": 0.18620541733621382,
    "attention": 0.17489595563137728,
    "gradients": 0.3815454866578163,
    "ig": 0.36194780510858615
}