{
    "random": 0.47254577025491024,
    "scaled attention": 0.18025235489293343,
    "attention": 0.17312198516375593,
    "gradients": 0.38915037025166727,
    "ig": 0.3961232728678982
}