{
    "gradients": 0.3855015971823546,
    "random": 0.36419098357321145,
    "scaled attention": 0.17426609475589266,
    "ig": 0.34286334018533804,
    "attention": 0.19936627296233184
}