{
    "scaled attention": 0.20163185013878093,
    "random": 0.3953859799296105,
    "attention": 0.2011557575021066,
    "ig": 0.39956550003127406,
    "gradients": 0.4133816347250645
}