{
    "gradients": 0.39519033376291296,
    "scaled attention": 0.17335806861110548,
    "random": 0.37215188733719173,
    "attention": 0.1535612825025425,
    "ig": 0.37045095712720677
}