{
    "attention": 0.49743602663247416,
    "scaled attention": 0.6255079212543916,
    "ig": 0.5995476948875884,
    "random": 0.659219103964742,
    "gradients": 0.6095411178126647
}