{
    "attention": 0.4922379402250729,
    "scaled attention": 0.6051826425363273,
    "ig": 0.5824036509345636,
    "random": 0.6507261995614859,
    "gradients": 0.6032430211545501
}