{
    "attention": 0.42359862956749916,
    "gradients": 0.6142677400004964,
    "scaled attention": 0.48207896636380826,
    "ig": 0.6118344796071716,
    "random": 0.6414663999019393
}