{
    "random": 0.6448591865562567,
    "gradients": 0.6142677400004964,
    "ig": 0.6118344796071716,
    "attention": 0.42359862956749916,
    "scaled attention": 0.48207896636380826
}