{
    "attention": 0.42990090534962755,
    "gradients": 0.6175031574056891,
    "scaled attention": 0.4871699611481886,
    "ig": 0.6246430867173728,
    "random": 0.6458936715790031
}