{
    "random": 0.6574007548279668,
    "gradients": 0.6175031574056891,
    "ig": 0.6246430867173728,
    "attention": 0.42990090534962755,
    "scaled attention": 0.4871699611481886
}