{
    "gradients": 0.6323146137475935,
    "random": 0.6601504408978903,
    "ig": 0.5819234653410332,
    "scaled attention": 0.5091081964102306,
    "attention": 0.45442812607602123
}