{
    "gradients": 0.6182909954827734,
    "random": 0.6555942669788798,
    "ig": 0.5766881575736277,
    "scaled attention": 0.5020069820245516,
    "attention": 0.46731182329242565
}