{
    "scaled attention": 0.42818586490470134,
    "ig": 0.4404836957242558,
    "gradients": 0.4107358684532176,
    "random": 0.5010237671007113,
    "attention": 0.40490325510967135
}