{
    "gradients": 0.4023555721457095,
    "ig": 0.4374216686757661,
    "random": 0.47585836015368527,
    "attention": 0.398013030265157,
    "scaled attention": 0.3986204197174485
}