{
    "scaled attention": 0.36011853426646,
    "attention": 0.3247502442370516,
    "ig": 0.3736077261715298,
    "random": 0.38124471550478595,
    "gradients": 0.35853244381619087
}