{
    "scaled attention": 0.37068884860110546,
    "attention": 0.3277282726901806,
    "ig": 0.37667288627302,
    "random": 0.39447371581278023,
    "gradients": 0.3559248348408004
}