{
    "ig": 0.46618818593278943,
    "attention": 0.4537724177709102,
    "scaled attention": 0.39401011704396,
    "gradients": 0.4895519375271125,
    "random": 0.5195416146118113
}