{
    "ig": 0.4659732095123466,
    "gradients": 0.49160928484531574,
    "attention": 0.4519157175797354,
    "scaled attention": 0.3902345581474464,
    "random": 0.5198833624067557
}