{
    "attention": 0.4263754622195383,
    "random": 0.6047634519540084,
    "scaled attention": 0.4661481185554436,
    "gradients": 0.5661094409474925,
    "ig": 0.55795627463871
}