{
    "attention": 0.4258647961684384,
    "scaled attention": 0.46639228169478714,
    "gradients": 0.5669546657677366,
    "random": 0.6060491801173161,
    "ig": 0.561206170469653
}